title,link
R Ashwin: The spin legend who redefined Indian cricket,Skip to contentAdvertisementBritish Broadcasting CorporationWatch LiveRegisterSign InHomeNewsSportBusinessInnovationCultureArtsTravelEarthVideoLiveHomeNewsIsrael-Gaza WarWar in UkraineUS & CanadaUKUK PoliticsEnglandN. IrelandN. Ireland PoliticsScotlandScotland PoliticsWalesWales PoliticsAfricaAsiaChinaIndiaAustraliaEuropeLatin AmericaMiddle EastIn PicturesBBC InDepthBBC VerifySportBusinessExecutive LoungeTechnology of BusinessFuture of BusinessInnovationTechnologyScience & HealthArtificial In...
The video game that defined the US,British Broadcasting Corporation
Game-changers Fury & Usyk have defined an era - what next?,Watch Live
The magazine that defined lad culture 30 years ago,Home
What are interest rates? A quick guide,News
Marinakis 'undermined respect for game' says FA,Sport
Elgin Marbles: What are the Parthenon Sculptures?,Business
When will interest rates fall?,Innovation
Assisted dying bill: How did my MP vote?,Culture
Skip to contentAdvertisementBritish Broadcasting CorporationWatch LiveRegisterSign InHomeNewsSportBusinessInnovationCultureArtsTravelEarthVideoLiveHomeNewsIsrael-Gaza WarWar in UkraineUS & CanadaUKUK PoliticsEnglandN. IrelandN. Ireland PoliticsScotlandScotland PoliticsWalesWales PoliticsAfricaAsiaChinaIndiaAustraliaEuropeLatin AmericaMiddle EastIn PicturesBBC InDepthBBC VerifySportBusinessExecutive LoungeTechnology of BusinessFuture of BusinessInnovationTechnologyScience & HealthArtificial In...,Arts
"Headlines: Tributes, bonfires and Bewick's swansOur round-up takes you through some of the top stories in the news in the West Country this week.10 Nov 2024EnglandUS election 2024 data tables for Hawaii resultsUS election 2024 data tables for Hawaii showing the results for the state presidential, gubernatorial and senate elections. 6 Nov 2024US & CanadaHow America voted in maps and chartsAnalysis of the results of the election.9 Nov 2024US & CanadaMelania Trump, enigmatic first lady who might...",Travel
"Headlines: Tributes, bonfires and Bewick's swansOur round-up takes you through some of the top stories in the news in the West Country this week.10 Nov 2024England",Earth
"Headlines: Tributes, bonfires and Bewick's swans",Video
US election 2024 data tables for Hawaii results,Live
How America voted in maps and charts,R Ashwin: The spin legend who redefined Indian cricket The legendary spinner shocked the cricket world on Wednesday with his sudden retirement.19 Dec 2024Asia
"Melania Trump, enigmatic first lady who might do it differently this time","The video game that defined the USThe Oregon Trail was once the most widely distributed software in US schools. It gripped a generation and changed gaming forever, but debates rage on about the history it depicts.7 days agoFuture"
US election 2024 data tables for Arizona results,"Game-changers Fury & Usyk have defined an era - what next?After two classic bouts, Tyson Fury and Oleksandr Usyk have defined a heavyweight era. Where do they go next? 5 days agoBoxing"
"Headlines: Murder trial, illegal rave and cheese theftOur round-up takes you through some of the top stories in the news in the West this week.3 Nov 2024England",The magazine that defined lad culture 30 years agoTim Southwell is one of the founders of Loaded and has written a book on its history.8 Dec 2024Sussex
"Headlines: Murder trial, illegal rave and cheese theft",What are interest rates? A quick guideWhy interest rates are so important - especially when they change.8 days agoUK
A quick guide to Tim Walz,"Marinakis 'undermined respect for game' says FANottingham Forest owner Evangelos Marinakis' appeal against a five-game stadium ban is dismissed to ""send a clear message"" after he ""undermined respect for the game of football,"" says the FA.8 Nov 2024"
A quick guide to Kamala Harris,"Elgin Marbles: What are the Parthenon Sculptures?The sculptures offer a unique insight in to the culture of the ancient Greeks, so how did they end up in London?4 Dec 2024Entertainment & Arts"
A quick guide to JD Vance,"When will interest rates fall?Bank of England interest rates affect the mortgage, loan and savings rates for millions of people.8 days agoBusiness"
How small gains delivered Trump a big win,Assisted dying bill: How did my MP vote?Check whether your MP voted for or against taking the assisted dying bill to the next stage. 30 Nov 2024Politics
US election 2024 data tables for Wyoming results,Copyright 2024 BBC. All rights reserved. The BBC is not responsible for the content of external sites. Read about our approach to external linking.
US election 2024 data tables for Nevada results,Read about our approach to external linking.
A quick guide to Donald Trump,Skip to contentAdvertisementBritish Broadcasting CorporationWatch LiveRegisterSign InHomeNewsSportBusinessInnovationCultureArtsTravelEarthVideoLiveHomeNewsIsrael-Gaza WarWar in UkraineUS & CanadaUKUK PoliticsEnglandN. IrelandN. Ireland PoliticsScotlandScotland PoliticsWalesWales PoliticsAfricaAsiaChinaIndiaAustraliaEuropeLatin AmericaMiddle EastIn PicturesBBC InDepthBBC VerifySportBusinessExecutive LoungeTechnology of BusinessFuture of BusinessInnovationTechnologyScience & HealthArtificial In...
US election 2024 data tables for Maryland results,British Broadcasting Corporation
US election 2024 data tables for New Mexico results,Watch Live
US election 2024 data tables for North Dakota results,Home
Some of the races that could determine control of the US House,News
Tumble dryer factory closure a 'community loss',Sport
US election 2024 data tables for national results,Business
US election 2024 data tables for Washington results,Innovation
US election 2024 data tables for New York results,Culture
US election 2024 data tables for New Jersey results,Arts
Tumble dryer factory closure a 'community loss',Travel
How Google tells you what you want to hear,Earth
Republicans retake control of US Senate,Video
US election 2024 data tables for Rhode Island results,Live
US election 2024 data tables for Montana results,"Headlines: Tributes, bonfires and Bewick's swansOur round-up takes you through some of the top stories in the news in the West Country this week.10 Nov 2024England"
US election 2024 data tables for California results,"US election 2024 data tables for Hawaii resultsUS election 2024 data tables for Hawaii showing the results for the state presidential, gubernatorial and senate elections. 6 Nov 2024US & Canada"
US election 2024 data tables for South Dakota results,"Melania Trump, enigmatic first lady who might do it differently this timeDescribed by some as an ""enigma"", Mrs Trump is expected to return to her White House duties ""on her own terms"".9 Nov 2024US & Canada"
US election 2024 data tables for Oregon results,"US election 2024 data tables for Arizona resultsUS election 2024 data tables for Arizona showing the results for the state presidential, gubernatorial and senate elections. 6 Nov 2024US & Canada"
US election 2024 data tables for West Virginia results,"Headlines: Murder trial, illegal rave and cheese theftOur round-up takes you through some of the top stories in the news in the West this week.3 Nov 2024England"
US election 2024 data tables for South Carolina results,A quick guide to Tim WalzMinnesota Governor Tim Walz is Harris's running mate for the US presidential election. Here's everything you need to know about him.6 Nov 2024US & Canada
US election 2024 data tables for Pennsylvania results,A quick guide to Kamala HarrisDemocrat Kamala Harris is running for president. Here's what you need to know about her.6 Nov 2024US & Canada
US election 2024 data tables for Alaska results,A quick guide to JD VanceThe Ohio senator was known for a popular memoir before being picked as Trump's 2024 running mate.6 Nov 2024US & Canada
US election 2024 data tables for Indiana results,Copyright 2024 BBC. All rights reserved. The BBC is not responsible for the content of external sites. Read about our approach to external linking.
US election 2024 data tables for Nebraska results,Read about our approach to external linking.
US election 2024 data tables for Oklahoma results,Skip to contentAdvertisementBritish Broadcasting CorporationWatch LiveRegisterSign InHomeNewsSportBusinessInnovationCultureArtsTravelEarthVideoLiveHomeNewsIsrael-Gaza WarWar in UkraineUS & CanadaUKUK PoliticsEnglandN. IrelandN. Ireland PoliticsScotlandScotland PoliticsWalesWales PoliticsAfricaAsiaChinaIndiaAustraliaEuropeLatin AmericaMiddle EastIn PicturesBBC InDepthBBC VerifySportBusinessExecutive LoungeTechnology of BusinessFuture of BusinessInnovationTechnologyScience & HealthArtificial In...
Ex-England cricketer backs development in village,British Broadcasting Corporation
US election 2024 data tables for Ohio results,Watch Live
US election 2024 data tables for Alabama results,Home
US election 2024 data tables for Illinois results,News
US election 2024 data tables for Wisconsin results,Sport
US election 2024 data tables for Florida results,Business
US election 2024 data tables for Idaho results,Innovation
US election 2024 data tables for Missouri results,Culture
US election 2024 data tables for Mississippi results,Arts
US election 2024 data tables for Kansas results,Travel
US election 2024 data tables for Arkansas results,Earth
US election 2024 data tables for Virginia results,Video
US election 2024 data tables for Tennessee results,Live
US election 2024 data tables for North Carolina results,"How small gains delivered Trump a big winHow a shift in support among different groups added up to Trump regaining the White House. 11 Nov 2024US & CanadaUS election 2024 data tables for Wyoming resultsUS election 2024 data tables for Wyoming showing the results for the state presidential, gubernatorial and senate elections. 6 Nov 2024US & CanadaUS election 2024 data tables for Nevada resultsUS election 2024 data tables for Nevada showing the results for the state presidential, gubernatorial ..."
US election 2024 data tables for Minnesota results,"US election 2024 data tables for Wyoming resultsUS election 2024 data tables for Wyoming showing the results for the state presidential, gubernatorial and senate elections. 6 Nov 2024US & Canada"
US election 2024 data tables for Colorado results,"US election 2024 data tables for Nevada resultsUS election 2024 data tables for Nevada showing the results for the state presidential, gubernatorial and senate elections. 6 Nov 2024US & Canada"
US election 2024 data tables for Michigan results,A quick guide to Donald TrumpThe Republican will make an historic return to the White House - here's what you need to know about him.6 Nov 2024US & Canada
US election 2024 data tables for Louisiana results,"US election 2024 data tables for Maryland resultsUS election 2024 data tables for Maryland showing the results for the state presidential, gubernatorial and senate elections. 6 Nov 2024US & Canada"
US election 2024 data tables for Connecticut results,"US election 2024 data tables for New Mexico resultsUS election 2024 data tables for New Mexico showing the results for the state presidential, gubernatorial and senate elections. 6 Nov 2024US & Canada"
US election 2024 data tables for Iowa results,"US election 2024 data tables for North Dakota resultsUS election 2024 data tables for North Dakota showing the results for the state presidential, gubernatorial and senate elections. 6 Nov 2024US & Canada"
US election 2024 data tables for Georgia results,Some of the races that could determine control of the US HouseEvery seat in the lower chamber of Congress is up for grabs this election cycle. 7 Nov 2024US & Canada
US election 2024 data tables for Kentucky results,Tumble dryer factory closure a 'community loss'Locals say most people have had family or friends who have worked at the site in the past century.1 Nov 2024Bristol
US election 2024 data tables for New Hampshire results,Locals say most people have had family or friends who have worked at the site in the past century.
The risqué romcom that defined a genre,Copyright 2024 BBC. All rights reserved. The BBC is not responsible for the content of external sites. Read about our approach to external linking.
US election 2024 data tables for Texas results,Read about our approach to external linking.
Plans approved for 128 homes on farmland site,Skip to contentAdvertisementBritish Broadcasting CorporationWatch LiveRegisterSign InHomeNewsSportBusinessInnovationCultureArtsTravelEarthVideoLiveHomeNewsIsrael-Gaza WarWar in UkraineUS & CanadaUKUK PoliticsEnglandN. IrelandN. Ireland PoliticsScotlandScotland PoliticsWalesWales PoliticsAfricaAsiaChinaIndiaAustraliaEuropeLatin AmericaMiddle EastIn PicturesBBC InDepthBBC VerifySportBusinessExecutive LoungeTechnology of BusinessFuture of BusinessInnovationTechnologyScience & HealthArtificial In...
Georgia strikes down new Trump-backed election rules,British Broadcasting Corporation
US election 2024 data tables for Vermont results,Watch Live
US election 2024 data tables for Massachusetts results,Home
Anderson has 'urge' to extend playing career,News
US election 2024 data tables for Maine results,Sport
What are the Northern Lights?,Business
Starmer says he's faced 'choppy days' since becoming PM,Innovation
Collapsed riverside path closed after storm damage,Culture
"Council to pay woman £3,000 for care plan delay",Arts
Plans for 110 homes near parkland set for approval,Travel
Plans submitted for new fire station,Earth
Angling competition postponed over CEO illness,Video
Undecided Americans impressed by Harris - but did debate shift their votes?,Live
Residents object to recycling site expansion plans,"US election 2024 data tables for national resultsUS election 2024 data tables for national results.6 Nov 2024US & CanadaUS election 2024 data tables for Washington resultsUS election 2024 data tables for Washington showing the results for the state presidential, gubernatorial and senate elections. 6 Nov 2024US & CanadaUS election 2024 data tables for New York resultsUS election 2024 data tables for New York showing the results for the state presidential, gubernatorial and senate elections. 6 ..."
Redevelopment decision likely 'before Christmas',US election 2024 data tables for national resultsUS election 2024 data tables for national results.6 Nov 2024US & Canada
"The games, goals and quotes that defined Bellamy's Wales days","US election 2024 data tables for Washington resultsUS election 2024 data tables for Washington showing the results for the state presidential, gubernatorial and senate elections. 6 Nov 2024US & Canada"
Fachie undecided on future after missing out on gold,"US election 2024 data tables for New York resultsUS election 2024 data tables for New York showing the results for the state presidential, gubernatorial and senate elections. 6 Nov 2024US & Canada"
Why Oasis defined the spirit of the 90s,"US election 2024 data tables for New Jersey resultsUS election 2024 data tables for New Jersey showing the results for the state presidential, gubernatorial and senate elections. 6 Nov 2024US & Canada"
,Tumble dryer factory closure a 'community loss'Locals say most people have had family or friends who have worked at the site in the past century.1 Nov 2024Bristol
,Locals say most people have had family or friends who have worked at the site in the past century.
,"How Google tells you what you want to hearAsk the same question two different ways, and Google may have different answers.2 Nov 2024Future"
,"Republicans retake control of US SenateRepublicans gain three seats, guaranteeing them at least 52 out of 100 in the new upper chamber.7 Nov 2024US & Canada"
,"US election 2024 data tables for Rhode Island resultsUS election 2024 data tables for Rhode Island showing the results for the state presidential, gubernatorial and senate elections. 6 Nov 2024US & Canada"
,"US election 2024 data tables for Montana resultsUS election 2024 data tables for Montana showing the results for the state presidential, gubernatorial and senate elections. 6 Nov 2024US & Canada"
,Copyright 2024 BBC. All rights reserved. The BBC is not responsible for the content of external sites. Read about our approach to external linking.
,Read about our approach to external linking.
,Skip to contentAdvertisementBritish Broadcasting CorporationWatch LiveRegisterSign InHomeNewsSportBusinessInnovationCultureArtsTravelEarthVideoLiveHomeNewsIsrael-Gaza WarWar in UkraineUS & CanadaUKUK PoliticsEnglandN. IrelandN. Ireland PoliticsScotlandScotland PoliticsWalesWales PoliticsAfricaAsiaChinaIndiaAustraliaEuropeLatin AmericaMiddle EastIn PicturesBBC InDepthBBC VerifySportBusinessExecutive LoungeTechnology of BusinessFuture of BusinessInnovationTechnologyScience & HealthArtificial In...
,British Broadcasting Corporation
,Watch Live
,Home
,News
,Sport
,Business
,Innovation
,Culture
,Arts
,Travel
,Earth
,Video
,Live
,"US election 2024 data tables for California resultsUS election 2024 data tables for California showing the results for the state presidential, gubernatorial and senate elections. 6 Nov 2024US & Canada"
,"US election 2024 data tables for South Dakota resultsUS election 2024 data tables for South Dakota showing the results for the state presidential, gubernatorial and senate elections. 6 Nov 2024US & Canada"
,"US election 2024 data tables for Oregon resultsUS election 2024 data tables for Oregon showing the results for the state presidential, gubernatorial and senate elections. 6 Nov 2024US & Canada"
,"US election 2024 data tables for West Virginia resultsUS election 2024 data tables for West Virginia showing the results for the state presidential, gubernatorial and senate elections. 6 Nov 2024US & Canada"
,"US election 2024 data tables for South Carolina resultsUS election 2024 data tables for South Carolina showing the results for the state presidential, gubernatorial and senate elections. 6 Nov 2024US & Canada"
,"US election 2024 data tables for Pennsylvania resultsUS election 2024 data tables for Pennsylvania showing the results for the state presidential, gubernatorial and senate elections. 6 Nov 2024US & Canada"
,"US election 2024 data tables for Alaska resultsUS election 2024 data tables for Alaska showing the results for the state presidential, gubernatorial and senate elections. 6 Nov 2024US & Canada"
,"US election 2024 data tables for Indiana resultsUS election 2024 data tables for Indiana showing the results for the state presidential, gubernatorial and senate elections. 6 Nov 2024US & Canada"
,"US election 2024 data tables for Nebraska resultsUS election 2024 data tables for Nebraska showing the results for the state presidential, gubernatorial and senate elections. 6 Nov 2024US & Canada"
,Copyright 2024 BBC. All rights reserved. The BBC is not responsible for the content of external sites. Read about our approach to external linking.
,Read about our approach to external linking.
,Skip to contentAdvertisementBritish Broadcasting CorporationWatch LiveRegisterSign InHomeNewsSportBusinessInnovationCultureArtsTravelEarthVideoLiveHomeNewsIsrael-Gaza WarWar in UkraineUS & CanadaUKUK PoliticsEnglandN. IrelandN. Ireland PoliticsScotlandScotland PoliticsWalesWales PoliticsAfricaAsiaChinaIndiaAustraliaEuropeLatin AmericaMiddle EastIn PicturesBBC InDepthBBC VerifySportBusinessExecutive LoungeTechnology of BusinessFuture of BusinessInnovationTechnologyScience & HealthArtificial In...
,British Broadcasting Corporation
,Watch Live
,Home
,News
,Sport
,Business
,Innovation
,Culture
,Arts
,Travel
,Earth
,Video
,Live
,"US election 2024 data tables for Oklahoma resultsUS election 2024 data tables for Oklahoma showing the results for the state presidential, gubernatorial and senate elections. 6 Nov 2024US & Canada"
,Ex-England cricketer backs development in villageDevon Malcolm is supporting plans for homes and a spa that could benefit a village cricket club.28 Oct 2024Northamptonshire
,"US election 2024 data tables for Ohio resultsUS election 2024 data tables for Ohio showing the results for the state presidential, gubernatorial and senate elections. 6 Nov 2024US & Canada"
,"US election 2024 data tables for Alabama resultsUS election 2024 data tables for Alabama showing the results for the state presidential, gubernatorial and senate elections. 6 Nov 2024US & Canada"
,"US election 2024 data tables for Illinois resultsUS election 2024 data tables for Illinois showing the results for the state presidential, gubernatorial and senate elections. 6 Nov 2024US & Canada"
,"US election 2024 data tables for Wisconsin resultsUS election 2024 data tables for Wisconsin showing the results for the state presidential, gubernatorial and senate elections. 6 Nov 2024US & Canada"
,"US election 2024 data tables for Florida resultsUS election 2024 data tables for Florida showing the results for the state presidential, gubernatorial and senate elections. 6 Nov 2024US & Canada"
,"US election 2024 data tables for Idaho resultsUS election 2024 data tables for Idaho showing the results for the state presidential, gubernatorial and senate elections. 6 Nov 2024US & Canada"
,"US election 2024 data tables for Missouri resultsUS election 2024 data tables for Missouri showing the results for the state presidential, gubernatorial and senate elections. 6 Nov 2024US & Canada"
,Copyright 2024 BBC. All rights reserved. The BBC is not responsible for the content of external sites. Read about our approach to external linking.
,Read about our approach to external linking.
,Skip to contentAdvertisementBritish Broadcasting CorporationWatch LiveRegisterSign InHomeNewsSportBusinessInnovationCultureArtsTravelEarthVideoLiveHomeNewsIsrael-Gaza WarWar in UkraineUS & CanadaUKUK PoliticsEnglandN. IrelandN. Ireland PoliticsScotlandScotland PoliticsWalesWales PoliticsAfricaAsiaChinaIndiaAustraliaEuropeLatin AmericaMiddle EastIn PicturesBBC InDepthBBC VerifySportBusinessExecutive LoungeTechnology of BusinessFuture of BusinessInnovationTechnologyScience & HealthArtificial In...
,British Broadcasting Corporation
,Watch Live
,Home
,News
,Sport
,Business
,Innovation
,Culture
,Arts
,Travel
,Earth
,Video
,Live
,"US election 2024 data tables for Mississippi resultsUS election 2024 data tables for Mississippi showing the results for the state presidential, gubernatorial and senate elections. 6 Nov 2024US & Canada"
,"US election 2024 data tables for Kansas resultsUS election 2024 data tables for Kansas showing the results for the state presidential, gubernatorial and senate elections. 6 Nov 2024US & Canada"
,"US election 2024 data tables for Arkansas resultsUS election 2024 data tables for Arkansas showing the results for the state presidential, gubernatorial and senate elections. 6 Nov 2024US & Canada"
,"US election 2024 data tables for Virginia resultsUS election 2024 data tables for Virginia showing the results for the state presidential, gubernatorial and senate elections. 6 Nov 2024US & Canada"
,"US election 2024 data tables for Tennessee resultsUS election 2024 data tables for Tennessee showing the results for the state presidential, gubernatorial and senate elections. 6 Nov 2024US & Canada"
,"US election 2024 data tables for North Carolina resultsUS election 2024 data tables for North Carolina showing the results for the state presidential, gubernatorial and senate elections. 6 Nov 2024"
,"US election 2024 data tables for Minnesota resultsUS election 2024 data tables for Minnesota showing the results for the state presidential, gubernatorial and senate elections. 6 Nov 2024US & Canada"
,"US election 2024 data tables for Colorado resultsUS election 2024 data tables for Colorado showing the results for the state presidential, gubernatorial and senate elections. 6 Nov 2024US & Canada"
,"US election 2024 data tables for Michigan resultsUS election 2024 data tables for Michigan showing the results for the state presidential, gubernatorial and senate elections. 6 Nov 2024US & Canada"
,Copyright 2024 BBC. All rights reserved. The BBC is not responsible for the content of external sites. Read about our approach to external linking.
,Read about our approach to external linking.
,Skip to contentAdvertisementBritish Broadcasting CorporationWatch LiveRegisterSign InHomeNewsSportBusinessInnovationCultureArtsTravelEarthVideoLiveHomeNewsIsrael-Gaza WarWar in UkraineUS & CanadaUKUK PoliticsEnglandN. IrelandN. Ireland PoliticsScotlandScotland PoliticsWalesWales PoliticsAfricaAsiaChinaIndiaAustraliaEuropeLatin AmericaMiddle EastIn PicturesBBC InDepthBBC VerifySportBusinessExecutive LoungeTechnology of BusinessFuture of BusinessInnovationTechnologyScience & HealthArtificial In...
,British Broadcasting Corporation
,Watch Live
,Home
,News
,Sport
,Business
,Innovation
,Culture
,Arts
,Travel
,Earth
,Video
,Live
,"US election 2024 data tables for Louisiana resultsUS election 2024 data tables for Louisiana showing the results for the state presidential, gubernatorial and senate elections. 6 Nov 2024US & CanadaUS election 2024 data tables for Connecticut resultsUS election 2024 data tables for Connecticut showing the results for the state presidential, gubernatorial and senate elections. 6 Nov 2024US & CanadaUS election 2024 data tables for Iowa resultsUS election 2024 data tables for Iowa showing the re..."
,"US election 2024 data tables for Louisiana resultsUS election 2024 data tables for Louisiana showing the results for the state presidential, gubernatorial and senate elections. 6 Nov 2024US & Canada"
,"US election 2024 data tables for Connecticut resultsUS election 2024 data tables for Connecticut showing the results for the state presidential, gubernatorial and senate elections. 6 Nov 2024US & Canada"
,"US election 2024 data tables for Iowa resultsUS election 2024 data tables for Iowa showing the results for the state presidential, gubernatorial and senate elections. 6 Nov 2024US & Canada"
,"US election 2024 data tables for Georgia resultsUS election 2024 data tables for Georgia showing the results for the state presidential, gubernatorial and senate elections. 6 Nov 2024US & Canada"
,"US election 2024 data tables for Kentucky resultsUS election 2024 data tables for Kentucky showing the results for the state presidential, gubernatorial and senate elections. 6 Nov 2024US & Canada"
,"US election 2024 data tables for New Hampshire resultsUS election 2024 data tables for New Hampshire showing the results for the state presidential, gubernatorial and senate elections. 6 Nov 2024US & Canada"
,The risqué romcom that defined a genreDoris Day and Rock Hudson talked to the BBC in the 1980s about how Pillow Talk challenged Hollywood's conservative morality when it was released in 1959.7 Oct 2024Culture
,"US election 2024 data tables for Texas resultsUS election 2024 data tables for Texas showing the results for the state presidential, gubernatorial and senate elections. 6 Nov 2024US & Canada"
,"Plans approved for 128 homes on farmland siteThe homes will be built as part of a wider 1,100-property development.17 Oct 2024Northamptonshire"
,Plans approved for 128 homes on farmland site
,Copyright 2024 BBC. All rights reserved. The BBC is not responsible for the content of external sites. Read about our approach to external linking.
,Read about our approach to external linking.
,Skip to contentAdvertisementBritish Broadcasting CorporationWatch LiveRegisterSign InHomeNewsSportBusinessInnovationCultureArtsTravelEarthVideoLiveHomeNewsIsrael-Gaza WarWar in UkraineUS & CanadaUKUK PoliticsEnglandN. IrelandN. Ireland PoliticsScotlandScotland PoliticsWalesWales PoliticsAfricaAsiaChinaIndiaAustraliaEuropeLatin AmericaMiddle EastIn PicturesBBC InDepthBBC VerifySportBusinessExecutive LoungeTechnology of BusinessFuture of BusinessInnovationTechnologyScience & HealthArtificial In...
,British Broadcasting Corporation
,Watch Live
,Home
,News
,Sport
,Business
,Innovation
,Culture
,Arts
,Travel
,Earth
,Video
,Live
,"Georgia strikes down new Trump-backed election rulesJudges found that the rules would delay certification and lead to ""administrative chaos"".17 Oct 2024US & Canada"
,"US election 2024 data tables for Vermont resultsUS election 2024 data tables for Vermont showing the results for the state presidential, gubernatorial and senate elections. 6 Nov 2024US & Canada"
,"US election 2024 data tables for Massachusetts resultsUS election 2024 data tables for Massachusetts showing the results for the state presidential, gubernatorial and senate elections. 6 Nov 2024US & Canada"
,Anderson has 'urge' to extend playing careerJames Anderson says he has the “urge” to keep playing but is undecided on how he will extend his career.13 Oct 2024England
,"US election 2024 data tables for Maine resultsUS election 2024 data tables for Maine showing the results for the state presidential, gubernatorial and senate elections. 6 Nov 2024US & Canada"
,What are the Northern Lights?The fantastic night-sky light display explained.11 Oct 2024Science & Environment
,"Starmer says he's faced 'choppy days' since becoming PMKeir Starmer tells BBC being PM “tougher than anything I've done before"" but also ""much better”.12 Oct 2024Politics"
,Collapsed riverside path closed after storm damageThe path in Lyme Regis was undermined and collapsed following heavy rain.2 Oct 2024
,"Council to pay woman £3,000 for care plan delayA local authority undermined a woman's mental health by not meeting her care needs, a report says.29 Sep 2024Berkshire"
,Copyright 2024 BBC. All rights reserved. The BBC is not responsible for the content of external sites. Read about our approach to external linking.
,Read about our approach to external linking.
,Skip to contentAdvertisementBritish Broadcasting CorporationWatch LiveRegisterSign InHomeNewsSportBusinessInnovationCultureArtsTravelEarthVideoLiveHomeNewsIsrael-Gaza WarWar in UkraineUS & CanadaUKUK PoliticsEnglandN. IrelandN. Ireland PoliticsScotlandScotland PoliticsWalesWales PoliticsAfricaAsiaChinaIndiaAustraliaEuropeLatin AmericaMiddle EastIn PicturesBBC InDepthBBC VerifySportBusinessExecutive LoungeTechnology of BusinessFuture of BusinessInnovationTechnologyScience & HealthArtificial In...
,British Broadcasting Corporation
,Watch Live
,Home
,News
,Sport
,Business
,Innovation
,Culture
,Arts
,Travel
,Earth
,Video
,Live
,Plans for 110 homes near parkland set for approvalMore than half the proposed homes will be in a retirement village complex for people over 55.1 Oct 2024NorthamptonshirePlans submitted for new fire stationThe council says it is difficult to manoeuvre vehicles at the existing station in Leverton. 23 Sep 2024EnglandAngling competition postponed over CEO illnessThe BoatLife Fishing Championship 2024 had been due to end in Guernsey.18 Sep 2024GuernseyUndecided Americans impressed by Harris - but ...
,Plans for 110 homes near parkland set for approvalMore than half the proposed homes will be in a retirement village complex for people over 55.1 Oct 2024Northamptonshire
,Plans submitted for new fire stationThe council says it is difficult to manoeuvre vehicles at the existing station in Leverton. 23 Sep 2024England
,Angling competition postponed over CEO illnessThe BoatLife Fishing Championship 2024 had been due to end in Guernsey.18 Sep 2024Guernsey
,Undecided Americans impressed by Harris - but did debate shift their votes?We spoke to eight voters who see the debate as crucial in determining who they will support in November.12 Sep 2024US & Canada
,Residents object to recycling site expansion plansLocals say they are concerned by the recent fires at the site. 12 Sep 2024Suffolk
,Residents object to recycling site expansion plans
,Locals say they are concerned by the recent fires at the site.
,Redevelopment decision likely 'before Christmas'The future of the site is undecided after the firm chosen to redevelop the land pulled out. 8 Sep 2024Somerset
,The future of the site is undecided after the firm chosen to redevelop the land pulled out.
,"The games, goals and quotes that defined Bellamy's Wales daysBBC Sport Wales looks back at new manager Craig Bellamy's colourful playing days for the national team.3 Sep 2024Wales Men"
,"Fachie undecided on future after missing out on goldNeil Fachie will weigh up his Para-cycling future after missing out on gold in the men's B 1,000m time trial at the Paris Paralympics.2 Sep 2024Disability Sport"
,"Why Oasis defined the spirit of the 90sThirty years after the release of their debut album, the band have announced they are reuniting – news that has delighted middle-aged fans and a whole new generation alike.28 Aug 2024Culture"
,Copyright 2024 BBC. All rights reserved. The BBC is not responsible for the content of external sites. Read about our approach to external linking.
,Read about our approach to external linking.
