title,url,snippet,position,date_published,source,rich_snippet
Data science projects that helped land a job/internship,https://www.reddit.com/r/datascience/comments/169jwcn/data_science_projects_that_helped_land_a/,"Hi everyone,. I'm looking for a job or internship in the data science/analytics field. I'm quite comfortable with scikit-learn and PyTorch.",1,,,
12 Data Science Projects for Beginners and Experts,https://builtin.com/data-science/data-science-projects,"Oct 15, 2024 — Top Data Science Projects · 1. Building Chatbots · 2. Credit Card Fraud Detection · 3. Fake News Detection · 4. Forest Fire Prediction · 5.",2,"Oct 15, 2024",,
Top Data Science Projects with Source Code [2025 Updated],https://www.geeksforgeeks.org/top-data-science-projects/,"Nov 17, 2024 — Top data science projects- 1. Quote Scraping 2. Zomato Data Analysis Using Python 3. IPL Data Analysis 4. Wine Quality Prediction and more.",3,"Nov 17, 2024",,"{'top': {'detected_extensions': {}, 'extensions': ['\u200eZomato Data Analysis Using...', '\u200eHow to Extract Weather Data...']}}"
Data Science: Guide for Independent Projects,https://ucsd.libguides.com/data-science/projects,"Nov 8, 2024 — Project examples for beginners · Kaggle Titanic tutorial · Visualize Spotify · Text mining The Office · Tracking emerging slang · Recipe ...",4,"Nov 8, 2024",,
250+ End-to-End Data Science Projects with Source Code,https://www.projectpro.io/projects/data-science-projects,Explore ProjectPro's Solved End-to-End Real-Time Machine Learning and Data Science Projects with Source Code to accelerate your work and career.,5,,,"{'top': {'detected_extensions': {}, 'extensions': ['\u200eData Science Projects in R', '\u200eMachine Learning Projects', '\u200ePython', '\u200eDeep Learning']}}"
Data Science Projects,https://www.datacamp.com/projects,Projects let you apply your skills using tools like data Notebooks and complete a data analysis from start to finish.,6,,,
veb-101/Data-Science-Projects,https://github.com/veb-101/Data-Science-Projects,Collection of data science projects in Python. Contribute to veb-101/Data-Science-Projects development by creating an account on GitHub.,7,,,
3 Data Science Projects That Got Me 12 Interviews. And 1 ...,https://medium.com/pipeline-a-data-engineering-resource/3-data-science-projects-that-got-me-12-interviews-and-1-that-got-me-in-trouble-f376682b4e21,"3 real-life data science portfolio examples that got my foot in the door at 12 companies, and 1 that almost got me tossed out.",8,,,
12 Data Science Projects to Build Your Skills & Resume,https://www.springboard.com/blog/data-science/data-science-projects/,"Sep 19, 2024 — We've curated a list of the top 15 interesting data science project ideas to try. See what catches your fancy and get started!",9,"Sep 19, 2024",,
Data Science Projects,https://365datascience.com/projects/,"365 Data Science offers real-life data science projects designed to help apply your skills in business contexts and add Python, R, SQL, Tableau, Excel, data ...",10,,,
"Data Science Projects with Python: Klosterman, Stephen",https://www.amazon.com/Data-Science-Projects-Python-scikit-learn/dp/1838551026,About Data Science Projects with Python. Data Science Projects with Python is a hands-on introduction to real-world data science. You'll take an active approach ...,11,,,"{'top': {'detected_extensions': {'price': 33.24, 'symbol': '$', 'currency': {'symbol': '$'}}, 'extensions': ['4.4(96)', '$33.24']}}"
25 Data Science Project Ideas for Beginners with Source ...,https://www.projectpro.io/article/15-data-science-projects-for-beginners-with-source-code/343,"Nov 7, 2024 — We have collated 20+ data science projects for beginners to get you started and point you to the appropriate resources on the web for further understanding.",12,"Nov 7, 2024",,
Cookiecutter Data Science,https://cookiecutter-data-science.drivendata.org/,"A logical, flexible, and reasonably standardized project structure for doing and sharing data science work.",13,,,
Free Data Science Projects,https://www.dataquest.io/data-science-projects/,Dataquest learners spend their time working through real-world data challenges that teach learners to combine multiple skills and tools to solve a problem or ...,14,,,
DataWars - Free Data Science Interactive Projects,https://www.datawars.io/,"DataWars is a Project-based playground with +1000 ready-to-solve, interactive, Data Science projects. Practice your skills solving real life challenges in ...",15,,,
7 Cool Data Science Project Ideas for Beginners,https://www.kdnuggets.com/7-cool-data-science-project-ideas-for-beginners,"Oct 8, 2024 — we'll explore seven beginner-friendly data science projects that focus on core concepts—data collection, data cleaning, visualization, building ...",16,"Oct 8, 2024",,
Top Data Science Projects [2025] | Coursera Learn Online,https://www.coursera.org/courses?query=data%20science&productTypeDescription=Guided%20Projects,"In summary, here are 10 of our most popular data science courses · Data Science Challenge · Data Science Coding Challenge: Loan Default Prediction · Statistics ...",17,,,
NEBDHub & NSDC Transportation Data Science Project ...,https://nebigdatahub.org/nsdc/tdsp/,The TDSP provides an opportunity to gain practical experience with data science by creating data-driven recommendations to make roads safer for all. Network ...,18,,,
Data science Projects Neuron,https://ineuron.ai/one-neuron/data-science-projects-neuron,Data Science Projects Neuron consists of high-quality projects curated by our premium mentors. These courses with projects will help you to build a strong ...,19,,,
Project Ideas for an Analytics or Data Science Portfolio,https://data-storyteller.medium.com/project-ideas-for-an-analytics-or-data-science-portfolio-642d0a1e5021,Projects to solve your own problems. Create a budget. You can do this in Excel or try something interactive using R Shiny or Python + Streamlit.,20,,,
Top 15 Data Science Projects With Source Code,https://www.interviewbit.com/blog/data-science-projects/,"Mar 17, 2023 — This section will provide a list of data science project ideas for students new to Python or data science in general.",21,"Mar 17, 2023",,
Python Project for Data Science,https://www.coursera.org/learn/python-project-for-data-science,Play the role of a Data Scientist / Data Analyst working on a real project. Demonstrate your Skills in Python - the language of choice for Data Science and ...,22,,,
Projects,https://cornelldata.science/projects,"Our dedicated subteams—Data Science, Machine Learning Engineering, Data Engineering, and Quantitative Finance—drive forward a diverse range of initiatives that ...",23,,,
Managing data science projects,https://domino.ai/resources/field-guide/managing-data-science-projects,This guide synthesizes the successful project practices from dozens of leading data science organizations spanning many sizes and industries.,24,,,
Projects in data science,https://www.codecademy.com/projects/subject/data-science,All projects in data science · A/B Test for MuscleHub · A/B Testing at Nosh Mish Mosh · A/B Testing at Nosh Mish Mosh · A/B Testing for ShoeFly.com · Airline ...,25,,,
7 Fundamental Steps to Complete a Data Analytics Project,https://blog.dataiku.com/fundamental-steps-data-project-success,"Aug 29, 2023 — To become data-powered, master these seven data science steps to successfully transform a data project from raw data to operationalization.",26,"Aug 29, 2023",,
Explore thousands of data science projects and get inspired,https://www.datascienceportfol.io/data-science-projects/,Explore thousands of data science projects and get inspired. Any topic SQL Python R Machine learning Data visualisation,27,,,
Past Projects - Stanford Data Science,https://datascience.stanford.edu/affiliates/past-projects,Flagship Projects · Privacy Preserving Internet of Things - Analytics for Human Behavior Interventions · Mapping the “Social Genome” · Data Science for ...,28,,,
ChatGPT and Data Science Projects,https://www.datascience-pm.com/chatgpt-and-data-science-projects/,"In this blog post, I will explore how AI-driven tools can enhance team processes and collaboration within a data science or AI project context.",29,,,
Big Data Science Projects,https://www.sciencebuddies.org/science-fair-projects/science-projects/big-data,"In this project, you can look at data about stars in dense groups called globular clusters and come up with your own estimate for the minimum age of the ...",30,,,
Six data science graduate school projects with real data,https://sacsmeharry.org/blog/six-data-science-graduate-school-projects-with-real-data/,These six projects with real-world datasets are part of the data science graduate school academic experience at Meharry SACS.,31,,,
75 Data Science Projects with Python | Aman Kharwal,https://thecleverprogrammer.com/2024/12/20/75-data-science-projects-with-python/,8 days ago — 75 Data Science Projects with Python ; Analytics & Insights. Netflix Content Strategy Analysis · Rainfall Trends in India Analysis ; AI & ML and ...,32,8 days ago,,
Top 10 Data Science Projects,https://www.kaggle.com/general/148613,1. Sentiment Analyzer of Social Media This is one of the interesting and innovative machine learning projects.,33,,,
Data Science projects for beginners - Tech Dev Guide - Google,https://techdevguide.withgoogle.com/resources/data-science-projects-for-beginners/,New to data science and unsure where to start? Check out this video to learn about 3 projects that are a good starting point for beginners. (YouTube),34,,,
10 Real-world Data Science Project Ideas,https://magnimindacademy.com/blog/10-real-world-data-science-project-ideas/,"From customer segmentation to cybersecurity threat detection, these project ideas can help you build a strong foundation in data science and gain valuable ...",35,,,
10 Data Science Projects for Beginners and Beyond In 2025,https://www.inspiritai.com/blogs/ai-blog/10-data-science-projects,1 day ago — Tips for Completing Data Science Projects · Understand the problem: Make sure you thoroughly understand the dataset and the problem you are ...,36,1 day ago,,
Top 10 Free Datasets for Data Science Projects 2024,https://365datascience.com/trending/free-dataset-resources/,"This article aims to aid you in finding the right datasets for your projects, all available for free.",37,,,
Projects,https://towardsdatascience.com/tagged/projects,"Read writing about Projects in Towards Data Science. Your home for data science and AI. The world's leading publication for data science, data analytics, ...",38,,,
1.2 Research Data Science project lifecycle,https://alan-turing-institute.github.io/rds-course/modules/m1/1.2-DataScienceProjectLifecycle.html,"Data science projects in research environments comprise multiple stages, each of which has its own complexities.",39,,,
15 Data Science Passion Project Ideas for High School ...,https://www.polygence.org/blog/data-science-passion-project-ideas-for-high-school-students,"Aug 6, 2023 — For high schoolers curious about data science, completing a hands-on project is one of the best ways to dive into this fast-growing field.",40,"Aug 6, 2023",,
Top 12 Real Estate Data Science Projects (Updated for 2024),https://www.interviewquery.com/p/real-estate-data-science-projects,"Aug 27, 2024 — Do you want to discover patterns in the real estate market? Here are 12 awesome real estate machine learning projects to get you started.",41,"Aug 27, 2024",,
NSDC Data Science Projects,https://nebigdatahub.org/nsdc/nsdc-data-science-projects/,"The NSDC DSPs provide virtual collaboration and networking opportunities for data science learners of all ages, skill-levels, and education-levels.",42,,,
Data Science Services Online,https://www.fiverr.com/categories/data/data-science,Hire a vetted freelance Data Science expert today and get your Data Science project done remotely online.,43,,,
Machine Learning for Data Science Projects,https://skillsbuild.org/college-students/digital-credentials/machine-learning-for-data-science-projects,"Help students learn advanced topics core to the data science profession as: Data Modeling techniques, Machine Learning, Deep Learning algorithms, ...",44,,,
Projects,https://docs.oracle.com/en-us/iaas/data-science/using/manage-projects.htm,"Jan 3, 2024 — Learn how to work with Data Science projects.",45,"Jan 3, 2024",,
Top 25 Machine Learning Projects for Beginners in 2025,https://www.analyticsvidhya.com/blog/2018/05/24-ultimate-data-science-projects-to-boost-your-knowledge-and-skills/,"Dec 4, 2024 — Get started with machine learning projects to kick-start your career. Learn data science by applying it and showcase your skills on your CV.",46,"Dec 4, 2024",,
Why So Many Data Science Projects Fail to Deliver,https://sloanreview.mit.edu/article/why-so-many-data-science-projects-fail-to-deliver/,"by MP Joshi · 2021 · Cited by 36 — We identified five common mistakes, as exemplified by the following cases we encountered, and below we suggest corresponding solutions to address them.",47,,,"{'top': {'detected_extensions': {'price': 2021, 'symbol': '$', 'currency': {'name': 'United States Dollar', 'code': 'USD', 'symbol': '$'}}, 'extensions': ['by MP Joshi', '2021', 'Cited by 36 —']}}"
19 Data Science Project Ideas for Beginners,https://www.stratascratch.com/blog/19-data-science-project-ideas-for-beginners/,"Oct 19, 2023 — 7 Data Science Project Tutorials for Beginners · Project 1: House Prices Regression · Project 2: Titanic Classification · Project 3: Deep ...",48,"Oct 19, 2023",,
Best Practices For Data Science Project Workflows and File ...,https://neptune.ai/blog/best-practices-for-data-science-project-workflows-and-file-organizations,"Aug 18, 2023 — The best way to determine your team's workflow and how to go about structuring projects is to assess the members of the team then come up with a set of ...",49,"Aug 18, 2023",,
75+ Data Science Projects Ideas Basic to Advanced,https://nevonprojects.com/data-science-projects-solutions/,Latest Data Science Projects List using Regression Neural Networks Decision Tree SVM algorithms with Free Synopsis PPT and Source code downloads.,50,,,
Applied Data Science Lab,https://www.wqu.edu/adsl,"Learn the fundamentals of data science, entirely free. By completing a series of end-to-end data science projects, students build the wrangling, analysis, ...",51,,,
Top Data Science Projects for Final Year [With Source Code],https://www.guvi.in/blog/data-science-projects-for-final-year/,We compiled this list of 15 data science projects for final year that can provide you with both experience and marks.,52,,,
Why Data Science Projects Fail: The Harsh Realities of ...,https://www.routledge.com/Why-Data-Science-Projects-Fail-The-Harsh-Realities-of-Implementing-AI-and-Analytics-without-the-Hype/Gray-Shellshear/p/book/9781032660301?srsltid=AfmBOoq7CixciH44ZP8YwoPrI7reiChicEP9UaxmXm_w8B2u1ZdBOr11,"For the first time, business leaders, practitioners, students, and interested laypeople will learn what really makes a data science project successful. By ...",53,,,"{'top': {'detected_extensions': {'price': 39.99, 'symbol': '$', 'in_stock': True, 'currency': {'symbol': '$'}}, 'extensions': ['$39.99', '\u200eIn stock']}}"
What Is A Good Data Science Project?,https://magnimindacademy.com/blog/what-is-a-good-data-science-project/,"A good data science project must meet certain criteria, including relevance, complexity, potential impact, and a process of iteration and improvement.",54,,,
Research Projects - Institute for Artificial Intelligence and ...,https://www.buffalo.edu/ai-data-science/research/projects.html,"Engineering Science (Data Science) MS. 6/19/24 Engineering Science ... This project will seek to combine different data sources, to ...",55,,,
How to create a data science portfolio for job applications,https://www.dataquest.io/blog/career-guide-data-science-projects-portfolio/,"Jun 25, 2024 — A strong data science portfolio typically consists of 3-5 projects that highlight your job-relevant skills. The key is to demonstrate that you ...",56,"Jun 25, 2024",,
Data Science Project Development Approach,https://handbook.gitlab.com/handbook/enterprise-data/organization/data-science/project_dev_approach/,GitLab Data Science Team Approach to Model Development.,57,,,
Python Data Science Projects For Boosting Your Portfolio,https://www.linkedin.com/pulse/python-data-science-projects-boosting-your-portfolio-stratascratch,"In this article, we will look at how Python data science projects will be helpful for you to get a job and how you can build your own portfolio.",58,,,
10 Innovative Data Science Projects Changing The World ...,https://www.simplilearn.com/data-science-projects-article,"Sep 9, 2024 — These projects extract valuable insights from vast datasets, enabling organizations to enhance their operations and make informed decisions.",59,"Sep 9, 2024",,
Data Science Projects for Beginners and Masters,https://aw.club/global/en/blog/data-science-project-ideas,"May 17, 2024 — These projects provide a sandbox for experimenting with data, understanding algorithms, and developing a problem-solving mindset.",60,"May 17, 2024",,
Where To Get Data for Your Data Science Projects,https://blog.jetbrains.com/pycharm/2024/10/how-to-get-data/,"Oct 9, 2024 — In this article, we'll look at what makes “good data”, what format that data might be in, where to find it, and what the next steps are.",61,"Oct 9, 2024",,
How to Manage your Data Science Project: An Ultimate ...,https://marutitech.com/guide-to-manage-data-science-project/,This guide will dive into some key focus areas for data science projects. You will understand the differences between different stages and how to tackle them ...,62,,,
Why Big Data Science & Data Analytics Projects Fail,https://www.datascience-pm.com/project-failures/,"8 Reasons Why Big Data Science and Analytics Projects Fail 1. Not having the Right Data I'll start with the most obvious one. Without data, you don't have a ...",63,,,
10 Best Data Science Project Ideas & Topics for Beginners ...,https://eicta.iitk.ac.in/knowledge-hub/data-science-project-ideas/,"Aug 1, 2024 — Data Science Project Ideas for Beginners · 1. Gender and Age Detection · 2. Fake News Detection · 3. Weather Data Analysis · 4. Sentiment ...",64,"Aug 1, 2024",,
Why an Iterative Approach Results in Successful Data Science ...,https://www.infoworks-tn.com/resources/why-an-iterative-approach-results-in-successful-data-science-projects/,"An iterative process can be defined as one in which the initial version of a product or project is delivered quickly, tested to identify where improvements are ...",65,,,
Kaggle: Your Machine Learning and Data Science Community,https://www.kaggle.com/,"... data science goals ... Discover a huge repository of community-published models, data & code for your next project.",66,,,
10 Data Science Project Ideas for High School Students,https://www.veritasai.com/veritasaiblog/https/wwwveritasaicom/10-data-science-project-ideas-for-high-school-students,"Sep 30, 2023 — We've shared a list of 10 great data science project ideas. You can pursue most of these as a beginner in high school, with some amount of coding experience.",67,"Sep 30, 2023",,
Data Science Course | Live Course with Job Assistance,https://www.odinschool.com/data-science-course,"Benefit from our industry-vetted data science syllabus, practice labs, 10+ data science projects, and mock interviews. Additionally, learn workplace skills, ...",68,,,"{'top': {'detected_extensions': {'price': 47, 'symbol': '$', 'currency': {'name': 'United States Dollar', 'code': 'USD', 'symbol': '$'}}, 'extensions': ['4.7(1,310)']}}"
Best practices for data science projects with cloud-scale ...,https://learn.microsoft.com/en-us/azure/cloud-adoption-framework/scenarios/cloud-scale-analytics/best-practices/data-science-best-practices,"May 7, 2024 — Develop a template. Develop a template that bundles a set of services for your data science projects. Use a template that bundles a set of ...",69,"May 7, 2024",,
30+ Top Data Analytics Projects in 2025 [With Source Codes],https://www.geeksforgeeks.org/data-analyst-projects/,"Nov 17, 2024 — Data Analysis and Visualization Projects · Zomato Data Analysis Using Python · IPL Data Analysis · Airbnb Data Analysis · Global Covid-19 Data ...",70,"Nov 17, 2024",,
5 Fun and Interactive Data Science Projects for Kids,https://www.codingal.com/coding-for-kids/blog/5-fun-and-interactive-data-science-projects-for-kids/,"Sep 21, 2023 — Let's discover the five awesome data science projects where numbers and information come to life! Let's begin!",71,"Sep 21, 2023",,
Data Science Projects to Boost Your Resume,https://thecleverprogrammer.com/2024/04/18/data-science-projects-to-boost-your-resume/,"Apr 18, 2024 — Synthetic Data Generation · Generative AI Model from Scratch · Document Analysis using LLMs · Fashion Recommendation System Using Image Features ...",72,"Apr 18, 2024",,
Data science projects,https://www.statcan.gc.ca/en/data-science/projects,"Sep 29, 2023 — New data science methods are being used to make our projects more efficient and provide better data insights to Canadians.",73,"Sep 29, 2023",,
Data Science Project Checklist To Use Before You Start A ...,https://www.datascienceweekly.org/articles/data-science-project-checklist-to-use-before-you-start-a-project-to-convey-you-can-actually-get-work-done,This article will focus on the checklist of things you should think about before you start your project.,74,,,
10 Data Science Project Ideas for your Resume,https://www.getsuper.ai/post/10-data-science-project-ideas-for-your-resume,"Nov 26, 2023 — We'll explore a range of project ideas suitable for every skill level, from beginners looking to solidify their foundational skills to advanced practitioners.",75,"Nov 26, 2023",,
Data Science Research Projects,https://www.datascience.ch/projects,Embark on a data-driven journey with SDSC's inspiring projects. Explore the world of data science through our diverse projects.,76,,,
Advanced Data Science Project | RIKEN,https://www.riken.jp/en/research/labs/r-ih/adv_data_sci_proj/,Research Summary. Kazuhiro Sakurada(Ph.D.) The Advanced Data Science Project (ADSP) conducts developmental research on data science in the health and medical ...,77,,,
Top 25 Data Science Projects for Beginners to Advanced,https://flexiple.com/data-science/data-science-projects,"Mar 28, 2024 — Intermediate Android Projects · Deep Fake Video Detector · Autonomous Robotic Arm for Sorting · AI-Based Disaster Management System · Predictive ...",78,"Mar 28, 2024",,
114 Data Science Projects You Can Try with Python,https://plainenglish.io/blog/114-data-science-projects,"Mar 9, 2022 — Below is a list of Data Science projects with Python that you can try as a beginner. Each of the projects below is solved and explained using Python.",79,"Mar 9, 2022",,
Top 10 GitHub Data Science Projects with Source Code in ...,https://www.omdena.com/blog/github-data-science-projects,"Jun 15, 2022 — This section will present a collection of data science project ideas for beginners and newbies in Python and Data Science.",80,"Jun 15, 2022",,
DSI Scholars Projects,https://datascience.columbia.edu/research/columbia-dsi-scholars/dsi-scholars-projects/,"Please note that in order to be considered for Spring 2025 projects, students must be enrolled for the Spring 2025 semester. ... This exciting data science ...",81,,,
Data Science Projects for Beginners and Experts with ...,https://www.edureka.co/blog/data-science-projects/,"Nov 26, 2024 — In this blog, you'll learn how to practically use Data Science methodologies to solve real-world problems.",82,"Nov 26, 2024",,
Data Science Projects Revolutionizing 2024,https://www.linkedin.com/pulse/data-science-projects-revolutionizing-2024-ideas-reality-kekare-kv2gf,This newsletter explores 12 cutting-edge data science projects that are set to transform industries and create significant value.,83,,,
25+ Must-Try Data Science Project Ideas for Beginners ...,https://www.upgrad.com/blog/data-science-project-ideas-topics-beginners/,"Dec 13, 2024 — Data Science Project Ideas for Beginners and Students · 1. Sentiment Analysis · 2. Customer Churn Analysis · 3. Fake News Detection · 4.",84,"Dec 13, 2024",,
Data Science Bundle: 180 Hands-On Projects - Course 3 of 3,https://www.udemy.com/course/practical-data-science-projects/?srsltid=AfmBOoqSA9kDcRjUyLREM7Y9g8csqggj8RGKWewX1VzDEZI1R1HqxXr2,"Description · In This Course, We Are Going To Work On 60 Real World Projects Listed Below: · Data Science Projects: · Project-1: CarPricer: Fueling Car Prices - ...",85,,,
Explore The Top 25 Data Science Project Ideas & Topics ...,https://timespro.com/blog/top-25-data-science-project-ideas-and-topics-for-beginners-and-experts,"Mar 20, 2024 — This article explores the exciting realm of data science projects and presents 25 intriguing ideas and topics to inspire aspiring data scientists.",86,"Mar 20, 2024",,
6 Data Science Project Ideas to Boost Your Portfolio,https://datasciencedojo.com/blog/data-science-projects-to-build-portfolio/,"Mar 17, 2022 — 6 data science projects to boost your data science portfolio · 1. Used car price prediction · 2. Sentiment analysis on social media content · 3.",87,"Mar 17, 2022",,
Top 10 Data Science Projects - Naukri Code 360,https://www.naukri.com/code360/library/top-six-data-science-projects,"Oct 24, 2024 — Data science is an application of statistical methods and machine-learning practices to gain insights and useful information from raw data.",88,"Oct 24, 2024",,
Top Data Science Projects to Develop in 2021,https://indatalabs.com/blog/top-data-science-projects,"Nov 30, 2021 — Define the goals. Most data science project ideas start with a vague aim. However, a clear organizational need is key to ensure its success.",89,"Nov 30, 2021",,
15+ Data Science Projects for Beginners and Advanced level,https://www.theknowledgeacademy.com/blog/data-science-projects/,"Aug 10, 2023 — Our curated collection of Data Science Projects has something for everyone. From playful explorations to complex challenges, we've got you covered.",90,"Aug 10, 2023",,
What are some good data science projects for intermediate ...,https://www.quora.com/What-are-some-good-data-science-projects-for-intermediate-level-students,I have some simple and good projects for you. There are multiple fields where you can get project. You can get projects from Kaggle. There are trick to select ...,91,,,"{'top': {'detected_extensions': {'answers': 3, 'reviews': 1}, 'extensions': ['3 answers&nbsp;', '&nbsp;1 vote:&nbsp;If you are intermediate student and now you are looking for Data Science projects where you ...']}}"
Accelerate Data Science Projects,https://www.informatica.com/solutions/data-science-project-acceleration.html,"Operationalize data pipelines for AI/ML projects and support model building, deployment, and modeling with intelligent, automated solutions for MLOps.",92,,,
Top 10+ Data Science Projects With Source Code for 2024,https://www.almabetter.com/bytes/articles/data-science-projects-with-source-code,"Feb 6, 2024 — In this article, we will discuss top trending data science mini projects as well as end-to-end projects for beginners, intermediate and advanced levels.",93,"Feb 6, 2024",,
A Guide to Using ChatGPT For Data Science Projects,https://www.datacamp.com/tutorial/chatgpt-data-science-projects,"Mar 20, 2023 — In this tutorial, we will learn how we can use ChatGPT to work on an end-to-end data science project. We will use various prompts to create a project outline, ...",94,"Mar 20, 2023",,
Top Data Science Projects For Beginners & Experts,https://www.scaler.com/topics/data-science/data-science-projects/,"Feb 4, 2023 — We have listed down seventeen data science projects along with the source code based on your learning level such as beginners, intermediate, or advanced.",95,"Feb 4, 2023",,
